Jurisdiction,"Report 
Type","Report 
Date",Assessment body/bodies ,IO1,IO2,IO3,IO4,IO5,IO6,IO7,IO8,IO9,IO10,IO11,R.1,R.2,R.3,R.4,R.5,R.6,R.7,R.8,R.9,R.10,R.11,R.12,R.13,R.14,R.15,R.16,R.17,R.18,R.19,R.20,R.21,R.22,R.23,R.24,R.25,R.26,R.27,R.28,R.29,R.30,R.31,R.32,R.33,R.34,R.35,R.36,R.37,R.38,R.39,R.40
Albania,MER+FURs,2023-05-01,MONEYVAL,ME,ME,ME,SE,ME,SE,ME,ME,LE,ME,LE,LC,LC,LC,LC,LC,C,PC,LC,LC,LC,LC,LC,LC,C,PC,LC,,LC,C,LC,C,LC,LC,LC,LC,LC,LC,LC,LC,C,LC,LC,LC,LC,LC,LC,LC,C,LC,LC
Algeria,MER,2023-07-01,MENAFATF,LE,ME,LE,LE,LE,ME,ME,SE,SE,LE,LE,NC,PC,LC,LC,C,PC,NC,NC,PC,PC,PC,NC,NC,PC,NC,NC,,PC,NC,LC,PC,PC,PC,NC,NC,PC,PC,PC,LC,LC,LC,PC,C,PC,PC,PC,LC,LC,LC,NC
Andorra,MER+FURs,2021-12-01,MONEYVAL,SE,SE,ME,ME,ME,SE,ME,ME,SE,ME,ME,LC,C,LC,C,LC,LC,C,LC,LC,LC,C,LC,LC,LC,PC,LC,LC,LC,C,C,C,LC,LC,LC,LC,LC,LC,LC,LC,C,PC,C,LC,LC,LC,PC,LC,LC,LC,LC
Angola,MER,2023-06-01,ESAAMLG,LE,LE,LE,LE,LE,ME,LE,ME,ME,LE,LE,LC,PC,PC,LC,PC,PC,PC,NC,LC,LC,C,C,LC,C,PC,PC,LC,LC,C,PC,LC,PC,PC,NC,NC,C,C,LC,LC,LC,LC,LC,PC,C,PC,PC,PC,LC,LC,LC
Antigua and Barbuda,MER+FUR,2021-11-01,CFATF,ME,ME,LE,ME,ME,ME,LE,ME,ME,LE,LE,LC,C,LC,LC,C,PC,PC,NC,C,LC,LC,LC,C,LC,LC,LC,C,C,C,C,LC,LC,LC,LC,LC,LC,LC,C,LC,LC,LC,LC,LC,C,PC,LC,C,LC,LC,LC
Argentina,MER,2024-12-01,FATF/GAFILAT,ME,SE,ME,ME,ME,ME,ME,ME,ME,ME,LE,LC,C,LC,LC,LC,PC,NC,PC,C,LC,C,C,C,PC,PC,PC,PC,PC,C,C,LC,PC,PC,PC,PC,LC,C,LC,C,LC,LC,LC,LC,LC,C,LC,C,LC,C,PC
Armenia,MER+FURs,2018-07-01,MONEYVAL,ME,SE,ME,SE,SE,ME,LE,LE,SE,SE,SE,LC,LC,LC,LC,LC,LC,LC,C,C,LC,C,PC,C,C,C,C,C,C,C,C,C,LC,C,LC,LC,LC,C,PC,C,LC,PC,C,C,C,LC,LC,LC,LC,LC,C
Aruba,MER,2022-07-01,CFATF,SE,SE,SE,SE,ME,SE,ME,SE,ME,ME,LE,LC,LC,LC,C,C,LC,PC,PC,C,LC,C,C,C,C,PC,C,C,C,LC,C,C,LC,LC,PC,PC,C,C,PC,C,C,C,LC,PC,C,LC,LC,LC,LC,LC,LC
Australia,MER+FURs,2024-03-01,FATF,SE,HE,ME,ME,ME,SE,ME,ME,SE,ME,SE,PC,LC,C,C,C,C,C,LC,C,LC,LC,LC,C,LC,PC,PC,C,LC,LC,C,C,NC,NC,PC,NC,LC,PC,NC,C,C,LC,C,LC,LC,PC,C,C,C,C,C
Austria,MER+FURs,2018-11-01,FATF,ME,SE,ME,ME,ME,LE,LE,ME,SE,ME,SE,LC,LC,LC,C,C,PC,PC,PC,C,C,C,C,LC,C,C,C,LC,C,C,C,C,LC,LC,LC,LC,C,C,LC,LC,C,LC,LC,PC,LC,C,LC,LC,LC,C,LC
Azerbaijan,MER,2024-02-01,MONEYVAL,ME,SE,LE,ME,ME,ME,ME,ME,SE,ME,ME,LC,C,LC,LC,LC,LC,LC,PC,LC,LC,C,C,C,PC,PC,PC,C,LC,LC,C,LC,LC,LC,PC,LC,PC,PC,PC,C,LC,LC,LC,PC,PC,NC,LC,LC,LC,LC,LC
Bahrain,MER+FUR,2022-05-01,MENAFATF,ME,SE,SE,ME,ME,SE,ME,ME,ME,ME,ME,LC,C,LC,C,LC,LC,LC,LC,C,LC,C,LC,LC,LC,LC,LC,C,C,LC,LC,LC,PC,LC,LC,LC,LC,LC,LC,C,C,C,LC,LC,LC,LC,LC,LC,LC,LC,LC
Bangladesh,MER+FURs,2020-12-01,APG,ME,SE,ME,LE,LE,ME,LE,LE,SE,ME,SE,PC,LC,LC,LC,LC,C,LC,LC,LC,LC,C,LC,LC,LC,PC,C,LC,C,LC,C,C,LC,LC,PC,PC,LC,LC,LC,LC,C,LC,LC,C,LC,PC,LC,LC,LC,LC,LC
Barbados,MER+FUR,2021-02-01,CFATF,LE,ME,ME,ME,ME,LE,LE,LE,LE,LE,LE,LC,LC,LC,C,LC,LC,LC,PC,C,LC,C,LC,LC,LC,PC,LC,LC,LC,LC,C,PC,LC,PC,PC,LC,C,C,LC,LC,LC,PC,LC,LC,LC,LC,PC,LC,LC,LC,LC
Belarus,MER,2019-12-01,EAG,SE,SE,ME,ME,LE,SE,ME,ME,SE,ME,SE,LC,LC,C,C,C,LC,LC,PC,C,LC,LC,LC,LC,C,PC,LC,LC,LC,LC,C,C,LC,LC,LC,LC,LC,LC,PC,C,C,C,LC,LC,C,LC,C,LC,LC,LC,LC
Belgium,MER+FUR,2018-09-01,FATF,SE,SE,ME,ME,ME,SE,ME,ME,SE,ME,ME,C,C,C,C,C,PC,PC,LC,C,C,C,C,PC,LC,LC,C,LC,LC,C,C,C,LC,LC,LC,LC,C,C,LC,C,C,C,C,LC,LC,C,C,LC,LC,LC,LC
Belize,MER,2025-01-01,CFATF,SE,SE,ME,ME,ME,ME,LE,ME,SE,SE,SE,C,C,C,C,C,C,C,LC,C,C,C,C,C,C,C,C,C,C,C,C,C,C,C,LC,C,C,C,C,C,C,C,C,C,C,C,C,C,C,C,C
Benin,MER+FUR,2024-05-01,GIABA,LE,LE,LE,LE,LE,LE,LE,LE,LE,LE,LE,LC,LC,LC,PC,PC,LC,LC,NC,C,PC,LC,PC,LC,PC,NC,PC,LC,LC,NC,PC,C,PC,PC,NC,NC,PC,C,NC,C,C,C,PC,LC,LC,LC,LC,C,LC,LC,LC
Bermuda,MER,2020-01-01,CFATF,HE,SE,SE,ME,SE,SE,ME,LE,SE,SE,ME,C,C,C,LC,C,LC,LC,C,C,C,C,LC,C,C,C,C,C,C,C,C,C,C,C,LC,LC,LC,C,C,C,C,C,PC,C,LC,LC,C,LC,LC,C,C
Bhutan,MER+FURs,2023-08-01,APG,LE,ME,LE,LE,LE,LE,LE,LE,ME,LE,LE,LC,LC,LC,LC,LC,LC,LC,PC,C,C,C,C,C,LC,NC,LC,LC,LC,LC,LC,LC,C,LC,PC,LC,LC,C,PC,LC,LC,PC,LC,LC,LC,LC,PC,NC,LC,LC,PC
Bolivia,MER+FUR,2025-01-01,GAFILAT,ME,SE,ME,LE,ME,ME,LE,ME,ME,ME,ME,LC,C,LC,C,LC,LC,PC,PC,C,LC,C,C,LC,C,PC,LC,C,LC,LC,LC,PC,C,LC,PC,C,LC,C,C,C,C,PC,LC,C,LC,PC,LC,LC,LC,LC,LC
Botswana,MER+FURs,2023-01-01,ESAAMLG,LE,ME,LE,LE,LE,ME,LE,LE,LE,LE,LE,LC,PC,C,LC,C,LC,LC,PC,C,LC,LC,LC,LC,NC,PC,LC,,LC,LC,C,LC,LC,LC,PC,LC,LC,C,PC,LC,LC,LC,LC,LC,LC,PC,C,LC,C,LC,LC
Brazil,MER,2023-12-01,FATF/GAFILAT,SE,SE,ME,ME,ME,ME,ME,ME,ME,ME,ME,LC,LC,LC,LC,PC,PC,LC,PC,C,LC,C,LC,C,C,PC,C,LC,LC,PC,LC,C,PC,PC,PC,PC,LC,C,PC,C,C,C,PC,LC,LC,LC,LC,LC,LC,LC,LC
British Virgin Islands,MER,2024-02-01,CFATF,ME,ME,LE,LE,ME,LE,LE,LE,ME,LE,LE,LC,C,LC,LC,C,LC,LC,NC,C,LC,LC,LC,C,LC,LC,LC,LC,LC,LC,C,C,LC,LC,PC,LC,PC,C,PC,C,C,LC,LC,C,LC,LC,LC,LC,LC,C,LC
Brunei-Darussalam,MER+FUR,2024-06-01,APG,SE,SE,ME,ME,ME,SE,ME,ME,SE,SE,LE,LC,LC,LC,C,LC,LC,NC,LC,C,LC,LC,LC,LC,LC,PC,LC,LC,C,LC,LC,LC,LC,LC,PC,NC,LC,C,LC,C,C,LC,C,LC,LC,LC,LC,LC,LC,LC,LC
Bulgaria,MER+FUR,2024-05-01,MONEYVAL,ME,ME,ME,ME,LE,LE,LE,LE,ME,ME,LE,LC,LC,LC,PC,PC,PC,PC,PC,LC,PC,LC,LC,PC,C,PC,LC,C,LC,LC,LC,LC,LC,LC,PC,LC,LC,LC,PC,LC,LC,C,C,C,PC,PC,LC,LC,PC,LC,LC
Burkina Faso,MER+FUR,2023-07-01,GIABA,LE,ME,LE,LE,LE,ME,LE,LE,LE,LE,LE,LC,LC,C,LC,C,PC,PC,PC,C,LC,LC,LC,LC,PC,PC,LC,LC,LC,PC,LC,C,PC,LC,PC,PC,PC,C,PC,C,C,C,PC,LC,LC,LC,C,LC,LC,LC,LC
Cambodia,MER+FURs,2023-10-01,APG,ME,ME,LE,LE,LE,LE,LE,LE,SE,ME,LE,LC,LC,LC,LC,LC,LC,LC,PC,C,LC,LC,LC,C,LC,NC,LC,LC,LC,LC,LC,LC,LC,LC,PC,PC,PC,LC,PC,LC,LC,LC,LC,LC,LC,LC,LC,LC,LC,LC,PC
Cameroon,MER,2022-03-01,GABAC,LE,LE,LE,LE,LE,ME,LE,LE,ME,LE,LE,PC,PC,LC,PC,LC,NC,NC,NC,C,PC,LC,PC,LC,NC,NC,PC,LC,LC,PC,PC,C,PC,PC,NC,LC,PC,LC,NC,LC,C,C,PC,NC,PC,LC,LC,LC,PC,C,LC
Canada,MER+FUR,2021-09-01,FATF,SE,SE,SE,ME,LE,ME,ME,ME,SE,SE,ME,LC,C,C,LC,LC,LC,LC,PC,C,LC,LC,LC,LC,C,LC,LC,C,LC,C,LC,LC,PC,LC,PC,NC,LC,C,PC,PC,C,LC,LC,C,LC,LC,C,LC,LC,C,LC
Cape Verde,MER+FUR,2021-12-01,GIABA,LE,LE,LE,LE,LE,LE,LE,LE,LE,LE,LE,PC,PC,C,C,LC,PC,PC,PC,C,PC,LC,LC,LC,LC,PC,PC,PC,PC,PC,PC,LC,PC,LC,LC,LC,PC,PC,PC,LC,C,C,PC,C,LC,LC,LC,C,LC,C,LC
Cayman Islands,MER+FURs,2021-10-01,CFATF,ME,ME,LE,LE,ME,LE,LE,ME,LE,ME,ME,LC,C,C,LC,C,LC,LC,LC,C,LC,C,C,C,LC,LC,LC,LC,C,C,C,C,C,C,LC,LC,C,C,C,LC,LC,LC,C,C,C,C,LC,C,LC,C,LC
Central African Republic,MER,2023-11-01,GABAC,LE,LE,LE,LE,LE,LE,LE,LE,LE,LE,LE,NC,PC,LC,PC,LC,NC,NC,NC,LC,PC,LC,PC,LC,NC,NC,PC,LC,LC,PC,PC,C,PC,PC,NC,PC,PC,LC,NC,PC,C,C,PC,NC,PC,PC,LC,LC,PC,LC,PC
Chad,MER,2023-07-01,GABAC,LE,LE,LE,LE,LE,LE,LE,LE,LE,LE,LE,NC,NC,C,PC,LC,NC,NC,NC,PC,PC,LC,PC,LC,PC,NC,PC,LC,PC,PC,PC,C,PC,PC,NC,PC,PC,LC,NC,LC,LC,C,PC,NC,PC,PC,LC,LC,PC,C,LC
Chile,MER,2021-09-01,GAFILAT,SE,SE,ME,ME,LE,SE,ME,ME,ME,ME,ME,LC,C,LC,LC,PC,PC,PC,PC,C,LC,LC,LC,LC,C,PC,LC,,LC,C,LC,C,PC,PC,PC,LC,LC,C,PC,C,C,C,LC,C,LC,LC,LC,C,C,LC,LC
China,MER+FURs,2022-11-01,FATF,SE,ME,ME,LE,LE,ME,ME,SE,SE,LE,LE,LC,C,LC,C,LC,PC,PC,LC,C,LC,C,PC,LC,LC,LC,LC,LC,C,C,LC,LC,NC,NC,PC,NC,LC,LC,NC,LC,C,C,LC,LC,LC,PC,LC,LC,C,LC,LC
Chinese Taipei,MER,2019-10-01,APG,SE,SE,ME,ME,ME,SE,ME,SE,SE,SE,SE,LC,LC,LC,LC,LC,LC,LC,LC,C,LC,LC,C,C,C,C,C,C,LC,C,LC,LC,PC,LC,LC,PC,LC,LC,PC,LC,C,LC,LC,LC,C,PC,LC,LC,LC,LC,LC
Colombia,MER+FUR,2023-01-01,GAFILAT,SE,SE,ME,ME,ME,SE,LE,SE,LE,ME,LE,LC,LC,LC,C,LC,PC,NC,PC,C,LC,C,LC,C,C,PC,C,,C,C,LC,C,PC,PC,PC,LC,LC,LC,PC,LC,C,C,LC,C,C,PC,LC,LC,C,LC,LC
Comoros,MER,2024-05-01,GIABA,LE,LE,LE,LE,LE,LE,LE,LE,LE,LE,LE,PC,PC,C,LC,C,PC,PC,NC,C,PC,C,C,C,LC,NC,LC,PC,C,LC,C,C,PC,LC,PC,LC,PC,LC,NC,PC,C,C,LC,LC,PC,PC,LC,LC,PC,LC,PC
Cook Islands,MER,2018-09-01,APG,SE,SE,SE,ME,SE,ME,LE,LE,ME,SE,ME,LC,C,LC,LC,LC,LC,PC,LC,C,LC,LC,LC,LC,C,LC,LC,LC,LC,LC,LC,C,LC,LC,LC,LC,LC,LC,LC,LC,LC,LC,LC,LC,LC,PC,LC,LC,LC,C,LC
Costa Rica,MER+FURs,2024-02-01,GAFILAT,ME,SE,ME,ME,LE,ME,ME,ME,ME,LE,LE,LC,C,C,LC,C,LC,C,PC,C,LC,C,LC,LC,C,NC,LC,C,LC,C,C,C,LC,LC,LC,LC,LC,LC,LC,C,LC,LC,C,LC,LC,PC,C,C,LC,C,C
Croatia,MER+FURs,2024-10-01,MONEYVAL,ME,SE,ME,ME,ME,ME,LE,ME,ME,LE,ME,LC,LC,LC,LC,LC,C,C,PC,C,LC,LC,LC,C,LC,LC,LC,LC,PC,LC,LC,LC,LC,LC,PC,LC,LC,LC,LC,C,C,LC,LC,LC,C,LC,LC,LC,PC,LC,LC
Cuba,MER+FURs,2024-02-01,GAFILAT,ME,ME,SE,ME,SE,ME,ME,SE,SE,SE,ME,LC,C,LC,LC,C,C,C,PC,C,LC,C,C,C,C,LC,C,C,C,C,C,C,LC,LC,LC,C,LC,LC,C,LC,LC,C,C,LC,LC,LC,LC,LC,LC,LC,LC
Cyprus,MER+FUR,2023-12-01,MONEYVAL,SE,SE,ME,ME,ME,ME,ME,ME,SE,ME,ME,LC,LC,C,C,LC,LC,LC,PC,C,LC,C,LC,PC,C,LC,LC,C,LC,LC,C,C,LC,LC,LC,LC,LC,C,LC,C,LC,PC,LC,C,LC,C,C,LC,C,C,C
Czech Republic,MER+FURs,2022-12-01,MONEYVAL,ME,SE,ME,ME,ME,ME,ME,SE,SE,ME,ME,LC,LC,LC,C,LC,PC,PC,LC,C,LC,LC,LC,C,C,PC,LC,LC,LC,LC,LC,C,LC,LC,LC,LC,LC,LC,LC,LC,LC,C,PC,PC,LC,LC,LC,LC,LC,LC,LC
Democratic Republic Congo,FUR,2023-04-01,GABAC,LE,LE,LE,LE,LE,LE,LE,LE,LE,LE,LE,PC,PC,C,PC,PC,PC,NC,NC,PC,PC,LC,PC,PC,PC,PC,NC,NC,LC,NC,C,LC,NC,PC,NC,NC,PC,PC,NC,PC,NC,LC,PC,NC,PC,PC,PC,PC,PC,LC,PC
Denmark,MER+FURs,2021-02-01,FATF,ME,SE,LE,LE,ME,ME,ME,ME,SE,ME,SE,LC,LC,LC,LC,C,LC,LC,LC,LC,LC,LC,C,PC,LC,PC,LC,LC,LC,LC,C,C,LC,LC,LC,LC,LC,LC,LC,LC,C,LC,LC,LC,C,LC,LC,LC,LC,LC,LC
Djibouti,MER,2024-11-01,MENAFATF,LE,ME,LE,LE,LE,LE,LE,LE,LE,LE,LE,PC,PC,LC,LC,PC,LC,PC,PC,C,PC,LC,LC,C,C,NC,LC,,LC,PC,C,C,PC,PC,PC,PC,PC,LC,PC,LC,C,C,C,PC,PC,PC,PC,PC,PC,LC,PC
Dominica,MER,2023-07-01,CFATF,ME,SE,ME,ME,ME,SE,LE,ME,ME,LE,LE,LC,LC,C,C,C,PC,NC,PC,C,LC,C,LC,C,LC,PC,LC,C,C,LC,C,C,PC,LC,PC,LC,LC,LC,PC,C,C,LC,C,LC,C,LC,C,LC,C,LC,LC
Dominican Republic,MER+FUR,2019-09-01,GAFILAT,ME,SE,LE,ME,ME,ME,ME,ME,SE,ME,ME,LC,C,C,C,C,LC,LC,PC,C,LC,LC,LC,C,PC,C,LC,LC,LC,PC,C,LC,LC,C,LC,LC,PC,C,LC,C,LC,LC,PC,C,LC,C,C,LC,LC,PC,LC
Ecuador,MER,2023-01-01,GAFILAT,ME,SE,ME,ME,ME,ME,ME,ME,ME,ME,ME,LC,LC,C,C,LC,PC,PC,LC,LC,LC,PC,LC,PC,LC,PC,LC,NC,PC,LC,C,PC,PC,LC,LC,LC,LC,C,PC,C,C,C,PC,C,C,PC,C,LC,LC,LC,LC
Egypt,MER,2021-08-01,MENAFATF,SE,SE,ME,ME,ME,SE,LE,ME,SE,ME,ME,LC,C,PC,LC,LC,LC,LC,LC,C,LC,LC,C,C,PC,PC,LC,C,C,C,LC,LC,PC,PC,PC,LC,LC,C,PC,C,LC,LC,LC,LC,LC,LC,PC,LC,LC,LC,LC
El Salvador,MER,2024-08-01,GAFILAT,ME,SE,LE,ME,ME,ME,ME,ME,ME,ME,ME,LC,C,LC,LC,LC,LC,PC,PC,LC,LC,C,LC,LC,C,PC,PC,,LC,C,C,LC,LC,LC,PC,LC,LC,LC,NC,LC,LC,LC,LC,LC,C,PC,LC,LC,PC,LC,LC
Estonia,MER+FUR,2024-12-01,MONEYVAL,ME,SE,ME,ME,ME,SE,ME,ME,ME,ME,SE,PC,C,LC,C,LC,LC,PC,PC,C,LC,C,LC,PC,LC,PC,C,LC,LC,PC,PC,PC,LC,PC,PC,PC,LC,LC,PC,LC,C,C,LC,PC,LC,PC,LC,LC,LC,LC,LC
Eswatini,MER,2022-08-01,ESAAMLG,LE,LE,LE,LE,LE,LE,LE,LE,LE,LE,LE,PC,PC,LC,LC,PC,NC,NC,NC,LC,PC,LC,PC,LC,PC,NC,NC,PC,PC,NC,C,LC,PC,PC,NC,PC,PC,C,PC,LC,C,LC,PC,PC,PC,LC,LC,PC,LC,PC,PC
Ethiopia,MER+FURs,2022-08-01,ESAAMLG,LE,ME,LE,LE,ME,LE,LE,LE,LE,LE,LE,C,LC,LC,LC,LC,LC,LC,LC,C,LC,C,C,C,C,PC,C,C,LC,LC,C,LC,LC,LC,LC,,LC,C,LC,LC,LC,LC,PC,LC,LC,LC,C,LC,LC,LC,PC
Fiji,FUR,2023-05-01,APG,ME,ME,ME,ME,LE,ME,ME,LE,LE,LE,LE,LC,LC,LC,C,C,PC,PC,PC,C,LC,C,C,C,C,PC,LC,LC,LC,C,LC,LC,LC,LC,PC,PC,LC,LC,LC,C,C,LC,LC,C,LC,LC,LC,LC,C,C,LC
Finland,MER+FURs,2023-10-01,FATF,SE,HE,LE,ME,ME,SE,SE,ME,ME,ME,ME,LC,LC,LC,LC,LC,LC,LC,PC,C,LC,C,LC,LC,C,PC,C,LC,LC,LC,C,C,LC,LC,LC,LC,LC,LC,PC,C,C,LC,LC,LC,C,LC,LC,LC,LC,LC,LC
France,MER,2022-05-01,FATF,SE,HE,ME,ME,SE,SE,SE,HE,HE,SE,SE,LC,C,C,C,C,LC,C,PC,C,LC,C,PC,PC,C,LC,LC,C,LC,LC,LC,C,LC,LC,LC,LC,LC,C,LC,LC,C,C,LC,LC,C,C,C,C,C,C,LC
Gabon,MER,2023-07-01,GABAC,LE,LE,LE,LE,LE,LE,LE,LE,LE,LE,LE,NC,PC,LC,PC,LC,NC,NC,NC,LC,PC,LC,PC,LC,PC,NC,PC,LC,LC,PC,PC,C,PC,PC,NC,NC,PC,LC,NC,PC,C,C,PC,NC,NC,PC,LC,LC,PC,LC,LC
Georgia,MER+FURs,2024-10-01,MONEYVAL,ME,SE,ME,ME,ME,ME,ME,ME,SE,LE,ME,LC,LC,C,LC,LC,PC,PC,NC,C,LC,LC,C,C,LC,LC,LC,LC,LC,LC,LC,C,PC,PC,PC,PC,LC,LC,PC,LC,C,LC,LC,LC,LC,PC,LC,LC,LC,C,LC
Germany,MER+FUR,2023-12-01,FATF,SE,SE,ME,ME,ME,ME,ME,SE,SE,ME,ME,LC,LC,C,C,LC,LC,LC,LC,C,LC,C,LC,PC,LC,LC,C,LC,LC,C,C,C,LC,C,PC,LC,LC,C,LC,C,C,C,C,PC,LC,LC,LC,C,C,C,LC
Ghana,MER+FURs,2022-08-01,GIABA,ME,SE,ME,LE,LE,ME,ME,LE,LE,LE,LE,LC,LC,C,LC,LC,LC,LC,PC,C,LC,C,C,C,C,PC,LC,LC,LC,C,C,LC,LC,LC,LC,PC,LC,LC,PC,C,C,C,LC,LC,LC,C,C,LC,LC,PC,LC
Gibraltar,MER+FURs,2024-05-01,MONEYVAL,ME,SE,ME,ME,ME,LE,LE,LE,ME,ME,ME,C,LC,C,LC,C,LC,LC,LC,C,LC,C,C,C,LC,LC,C,LC,LC,LC,C,C,C,LC,LC,C,C,C,C,C,C,LC,LC,C,C,LC,LC,C,C,C,LC
Greece,MER,2019-09-01,FATF,SE,SE,ME,ME,ME,SE,ME,ME,SE,ME,SE,LC,LC,C,LC,LC,LC,LC,PC,C,C,C,C,PC,C,LC,LC,LC,C,LC,C,C,LC,LC,LC,LC,LC,C,LC,C,C,C,PC,LC,LC,LC,LC,LC,C,C,LC
Grenada,MER,2022-07-01,CFATF,ME,LE,ME,LE,LE,ME,ME,ME,LE,LE,LE,PC,LC,C,LC,PC,NC,NC,PC,C,LC,PC,PC,LC,PC,NC,PC,PC,PC,PC,C,C,PC,PC,PC,PC,PC,PC,PC,LC,LC,PC,PC,C,C,PC,LC,LC,C,C,LC
Guatemala,MER+FUR,2018-10-01,CFATF/ GAFILAT,ME,SE,ME,ME,ME,SE,SE,SE,ME,ME,ME,LC,C,LC,LC,PC,PC,PC,LC,C,LC,C,LC,C,PC,C,LC,PC,C,C,LC,C,PC,PC,LC,LC,C,LC,PC,C,C,C,C,C,C,PC,C,LC,LC,LC,LC
Guinea,MER,2024-01-01,GIABA,LE,LE,LE,LE,LE,LE,LE,LE,LE,LE,LE,PC,PC,C,C,C,PC,PC,NC,C,LC,C,PC,C,PC,PC,LC,LC,LC,PC,C,C,LC,LC,PC,PC,LC,C,PC,LC,C,C,LC,PC,PC,LC,C,LC,LC,LC,LC
Guinea-Bissau,MER,2022-05-01,GIABA,LE,LE,LE,LE,LE,LE,LE,LE,LE,LE,LE,PC,PC,PC,LC,PC,PC,PC,NC,C,PC,LC,PC,LC,PC,NC,PC,LC,LC,PC,PC,C,PC,PC,PC,PC,PC,C,NC,LC,C,C,PC,PC,PC,LC,LC,PC,LC,LC,LC
Haiti,MER,2019-07-01,CFATF,LE,LE,LE,LE,LE,LE,LE,LE,LE,LE,LE,NC,PC,PC,PC,PC,NC,NC,NC,LC,PC,PC,PC,PC,PC,PC,NC,NC,NC,NC,PC,PC,NC,NC,NC,NC,NC,PC,NC,PC,PC,NC,NC,NC,PC,PC,LC,PC,PC,PC,NC
Holy See,MER+FUR,2024-05-01,MONEYVAL,ME,SE,SE,SE,SE,ME,ME,ME,SE,ME,ME,LC,LC,LC,LC,LC,PC,PC,PC,C,LC,LC,LC,C,LC,LC,LC,,LC,LC,C,LC,LC,LC,LC,LC,LC,PC,LC,LC,LC,LC,LC,C,LC,LC,C,LC,LC,LC,LC
Honduras,MER+FUR,2020-01-01,GAFILAT,ME,SE,ME,ME,LE,ME,ME,HE,SE,ME,LE,PC,LC,C,C,LC,LC,PC,NC,C,C,C,LC,C,C,C,PC,LC,LC,C,C,C,LC,C,NC,LC,LC,C,PC,C,C,C,C,PC,C,PC,LC,LC,LC,LC,LC
Hong Kong,MER+FUR,2023-02-01,FATF,SE,SE,ME,ME,ME,SE,ME,SE,SE,SE,ME,LC,LC,LC,LC,LC,C,C,C,C,LC,LC,PC,C,LC,PC,LC,LC,LC,LC,LC,C,PC,LC,LC,PC,LC,LC,LC,C,C,C,C,C,LC,LC,LC,LC,LC,LC,LC
Hungary,MER+FURs,2024-05-01,MONEYVAL,LE,SE,ME,ME,LE,SE,LE,LE,ME,ME,ME,LC,LC,LC,C,LC,LC,LC,PC,C,LC,LC,LC,LC,LC,LC,LC,LC,LC,LC,C,LC,LC,LC,LC,LC,LC,LC,LC,C,C,LC,PC,LC,LC,LC,LC,LC,LC,LC,LC
Iceland,MER+FURs,2021-09-01,FATF,LE,SE,LE,LE,LE,ME,ME,ME,ME,LE,LE,C,C,C,LC,LC,C,C,LC,C,C,C,C,PC,LC,PC,C,C,LC,C,C,C,C,LC,LC,C,LC,C,C,LC,C,C,C,LC,C,LC,LC,LC,LC,LC,LC
India,MER,2024-09-01,FATF/APG/EAG,SE,SE,ME,ME,SE,SE,ME,SE,ME,ME,SE,LC,C,LC,LC,LC,LC,LC,PC,C,LC,C,PC,C,LC,LC,C,LC,LC,LC,LC,C,LC,LC,LC,LC,LC,C,PC,C,LC,LC,LC,C,LC,LC,C,LC,LC,C,LC
Indonesia,MER,2023-04-01,FATF,SE,SE,ME,ME,ME,SE,ME,ME,SE,ME,ME,LC,LC,C,LC,LC,PC,PC,PC,LC,LC,LC,LC,LC,C,LC,LC,LC,C,LC,C,LC,LC,LC,LC,PC,LC,LC,PC,C,C,LC,LC,LC,LC,LC,LC,LC,LC,LC,LC
Iraq,MER,2024-05-01,MENAFATF,ME,SE,ME,ME,ME,ME,LE,SE,ME,ME,LE,LC,LC,LC,LC,PC,LC,LC,PC,C,C,C,C,C,PC,NC,C,C,C,LC,C,LC,C,PC,PC,PC,PC,C,PC,LC,C,LC,LC,C,LC,PC,PC,LC,C,PC,PC
Isle of Man,MER+FURs,2022-12-01,MONEYVAL,SE,SE,ME,ME,ME,LE,LE,LE,ME,ME,ME,LC,C,C,LC,C,C,LC,LC,C,LC,C,C,C,LC,LC,C,C,LC,C,C,LC,LC,PC,LC,C,LC,LC,LC,C,C,C,C,C,LC,LC,LC,LC,LC,C,LC
Israel,MER+FUR,2022-05-01,FATF/MONEYVAL,SE,SE,ME,ME,SE,HE,SE,HE,HE,SE,ME,LC,C,LC,LC,C,LC,LC,LC,C,LC,LC,LC,C,C,LC,LC,,PC,LC,C,C,PC,PC,LC,LC,LC,C,PC,C,C,C,C,C,C,LC,C,LC,LC,C,LC
Italy,MER+FUR,2019-03-01,IMF/FATF,SE,SE,ME,ME,SE,SE,SE,SE,SE,ME,SE,C,LC,LC,C,C,LC,PC,LC,C,LC,C,LC,PC,C,LC,C,LC,LC,C,C,LC,LC,LC,LC,LC,C,C,LC,C,C,C,LC,LC,LC,C,C,LC,LC,C,C
Ivory Coast,MER+FUR,2024-05-01,IMF/GIABA,ME,LE,LE,LE,LE,LE,ME,ME,LE,LE,LE,PC,PC,LC,PC,PC,NC,NC,NC,LC,LC,C,LC,LC,PC,NC,LC,NC,C,LC,C,LC,LC,LC,PC,NC,PC,PC,NC,LC,C,LC,PC,PC,PC,PC,PC,LC,PC,LC,PC
Jamaica,MER+FURs,2024-01-01,CFATF,ME,ME,ME,LE,LE,ME,LE,SE,LE,LE,LE,LC,LC,LC,LC,LC,LC,PC,PC,C,LC,LC,C,C,LC,PC,LC,LC,LC,C,C,C,LC,LC,C,C,LC,LC,LC,LC,LC,LC,LC,C,LC,LC,LC,C,LC,C,LC
Japan,MER+FURs,2024-10-01,FATF/APG,SE,SE,ME,ME,ME,SE,ME,ME,ME,ME,ME,LC,LC,LC,LC,LC,LC,LC,LC,C,LC,LC,LC,LC,LC,LC,LC,,LC,LC,LC,C,LC,LC,LC,LC,LC,LC,LC,C,C,LC,LC,LC,LC,LC,LC,LC,LC,LC,LC
Jersey,MER,2024-05-01,MONEYVAL,HE,SE,ME,ME,SE,ME,ME,SE,SE,SE,SE,C,C,LC,C,C,LC,LC,C,C,LC,C,LC,C,LC,LC,LC,LC,PC,C,C,C,LC,LC,LC,LC,LC,C,LC,LC,C,C,C,C,C,C,C,C,C,C,C
Jordan,MER+FUR,2022-05-01,MENAFATF,ME,SE,ME,ME,LE,ME,LE,ME,SE,LE,LE,LC,LC,LC,LC,LC,C,C,NC,C,LC,LC,LC,C,LC,PC,LC,LC,LC,LC,C,LC,NC,NC,LC,NC,LC,LC,PC,LC,C,C,C,LC,PC,LC,LC,LC,LC,PC,LC
Kazakhstan,MER,2023-07-01,EAG,SE,SE,ME,ME,ME,SE,SE,ME,SE,SE,SE,LC,C,LC,LC,LC,PC,PC,LC,LC,LC,LC,LC,LC,LC,PC,LC,LC,LC,LC,C,C,LC,LC,PC,LC,PC,LC,PC,C,C,LC,LC,LC,LC,PC,LC,LC,LC,LC,LC
Kenya,MER+FUR,2024-04-01,ESAAMLG,LE,ME,LE,LE,LE,LE,LE,ME,LE,LE,LE,PC,NC,C,PC,C,PC,NC,NC,PC,C,C,PC,C,NC,NC,NC,PC,C,C,C,C,PC,LC,PC,PC,PC,C,PC,C,PC,PC,LC,PC,PC,PC,C,LC,C,PC,PC
Kuwait,MER,2024-10-01,FATF/MENAFATF,ME,ME,ME,ME,LE,ME,ME,ME,LE,LE,LE,LC,LC,LC,LC,LC,NC,NC,PC,C,LC,LC,LC,C,C,PC,LC,PC,PC,PC,C,LC,LC,LC,PC,LC,PC,C,PC,LC,LC,C,C,C,C,LC,LC,LC,PC,LC,LC
Kyrgyzstan,MER+FURs,2023-12-01,EAG,LE,ME,ME,ME,ME,ME,ME,LE,ME,ME,ME,LC,LC,C,LC,LC,C,C,LC,LC,LC,LC,LC,LC,LC,LC,LC,LC,LC,LC,LC,LC,LC,LC,LC,LC,LC,LC,LC,LC,C,LC,LC,LC,LC,LC,LC,LC,LC,LC,LC
Laos,MER,2023-08-01,APG,LE,ME,LE,LE,LE,LE,LE,LE,ME,LE,LE,PC,LC,PC,PC,NC,PC,PC,NC,LC,PC,PC,NC,LC,PC,NC,PC,,LC,PC,PC,PC,PC,NC,NC,NC,PC,LC,NC,PC,LC,PC,LC,PC,NC,PC,PC,LC,PC,PC,PC
Latvia,MER+FUR,2019-12-01,MONEYVAL,ME,SE,ME,ME,LE,ME,ME,ME,ME,ME,LE,C,C,LC,C,LC,LC,LC,LC,C,LC,LC,LC,LC,LC,LC,LC,LC,LC,LC,LC,C,LC,LC,LC,LC,LC,C,LC,LC,LC,LC,LC,LC,C,LC,LC,LC,LC,LC,LC
Lebanon,MER,2023-12-01,MENAFATF,ME,ME,ME,ME,ME,ME,LE,LE,ME,ME,ME,LC,LC,PC,LC,LC,LC,LC,LC,LC,C,LC,C,C,LC,PC,C,C,LC,C,LC,C,LC,LC,LC,PC,LC,C,PC,LC,LC,C,LC,LC,LC,LC,LC,LC,PC,PC,LC
Lesotho,MER,2024-02-01,ESAAMLG,LE,LE,ME,ME,LE,LE,LE,LE,LE,LE,LE,PC,C,PC,PC,C,PC,NC,NC,LC,LC,LC,LC,C,LC,NC,LC,PC,C,NC,PC,LC,LC,PC,PC,NC,PC,C,PC,LC,PC,PC,PC,PC,LC,LC,C,C,PC,LC,PC
Liberia,MER,2023-07-01,GIABA,ME,LE,LE,LE,LE,LE,LE,LE,LE,LE,LE,LC,LC,PC,PC,PC,PC,NC,NC,LC,PC,C,PC,LC,LC,NC,PC,C,LC,LC,LC,LC,PC,LC,PC,PC,PC,LC,PC,C,PC,PC,LC,PC,PC,PC,LC,PC,LC,LC,PC
Liechtenstein,MER,2022-07-01,MONEYVAL,SE,SE,ME,ME,ME,SE,ME,SE,SE,ME,ME,LC,C,LC,C,LC,LC,LC,LC,C,LC,LC,LC,LC,C,PC,C,LC,LC,LC,LC,LC,LC,LC,LC,LC,LC,LC,PC,LC,C,C,LC,LC,C,PC,C,LC,C,C,LC
Lithuania,MER+FUR,2023-12-01,MONEYVAL,ME,SE,ME,ME,ME,ME,ME,ME,ME,ME,ME,LC,C,LC,LC,LC,PC,PC,LC,C,LC,C,C,LC,LC,PC,LC,C,LC,LC,LC,C,LC,LC,LC,LC,LC,C,PC,LC,C,LC,LC,LC,LC,LC,C,LC,LC,LC,LC
Luxembourg,MER,2023-09-01,FATF,SE,SE,ME,ME,SE,SE,ME,ME,SE,ME,ME,C,C,C,LC,C,LC,LC,PC,C,C,C,C,C,C,LC,C,C,C,C,C,C,C,C,LC,C,C,C,C,C,LC,C,LC,LC,C,LC,LC,C,C,C,LC
Macau,MER+FUR,2019-10-01,APG,ME,SE,SE,ME,SE,SE,LE,LE,ME,SE,SE,LC,LC,LC,C,LC,C,C,LC,C,C,C,C,C,C,C,LC,C,C,C,C,C,LC,LC,LC,LC,C,C,LC,C,LC,C,LC,LC,C,C,LC,C,LC,LC,LC
Madagascar,MER+FURs,2024-04-01,ESAAMLG/WB,LE,LE,LE,LE,LE,ME,LE,LE,LE,LE,LE,C,PC,LC,LC,PC,NC,NC,PC,C,LC,C,C,C,PC,NC,LC,C,LC,LC,LC,C,NC,NC,PC,NC,PC,LC,NC,LC,C,C,LC,PC,PC,PC,PC,LC,LC,LC,LC
Malawi,MER+FUR,2024-04-01,ESAAMLG,ME,ME,ME,ME,LE,ME,ME,ME,LE,LE,LE,LC,LC,C,C,PC,LC,C,NC,C,LC,C,C,C,C,PC,LC,C,C,C,LC,C,LC,LC,PC,PC,C,C,C,C,C,LC,LC,PC,C,LC,C,LC,C,LC,LC
Malaysia,MER+FUR,2018-10-01,APG/FATF,SE,ME,SE,ME,ME,SE,ME,ME,ME,SE,ME,LC,C,LC,LC,C,C,C,LC,LC,C,LC,LC,LC,C,C,C,LC,C,C,C,C,LC,LC,PC,PC,C,C,LC,C,C,C,C,C,C,LC,LC,LC,LC,LC,LC
Mali,FUR,2024-01-01,GIABA,LE,ME,LE,LE,LE,LE,LE,LE,LE,LE,LE,LC,LC,LC,LC,PC,LC,LC,PC,C,LC,LC,LC,LC,PC,NC,PC,LC,LC,NC,PC,C,PC,PC,PC,PC,PC,C,PC,LC,C,C,PC,PC,C,LC,LC,LC,PC,LC,LC
Malta,MER+FUR,2021-08-01,MONEYVAL,ME,SE,LE,ME,ME,ME,LE,LE,ME,ME,SE,LC,C,C,C,LC,LC,C,LC,C,LC,C,LC,LC,LC,LC,LC,LC,LC,C,C,C,LC,LC,LC,LC,LC,LC,LC,LC,LC,LC,LC,C,LC,LC,C,LC,LC,C,LC
Mauritania,MER+FURs,2021-11-01,MENAFATF,LE,LE,LE,LE,LE,LE,LE,LE,LE,LE,LE,LC,C,LC,LC,C,LC,LC,PC,LC,C,C,C,LC,LC,PC,LC,C,C,C,C,LC,C,LC,PC,LC,C,C,PC,LC,LC,C,LC,PC,LC,C,LC,LC,LC,LC,LC
Mauritius,MER+FURs,2023-01-01,ESAAMLG,LE,ME,LE,ME,LE,ME,ME,LE,LE,LE,LE,C,C,C,C,C,C,C,LC,C,C,LC,C,C,C,LC,C,C,C,C,C,C,C,C,LC,LC,LC,C,LC,C,C,C,LC,C,LC,C,LC,LC,LC,LC,LC
Mexico,MER+FURs,2023-05-01,FATF,SE,SE,ME,LE,ME,ME,LE,LE,ME,SE,SE,LC,LC,C,LC,LC,C,C,LC,C,LC,LC,C,LC,LC,LC,C,C,LC,LC,PC,LC,PC,NC,LC,LC,LC,LC,PC,C,LC,LC,PC,PC,LC,LC,LC,C,C,LC,LC
Moldova,MER+FURs,2024-05-01,MONEYVAL,SE,SE,ME,ME,ME,ME,ME,ME,SE,ME,LE,LC,LC,LC,C,LC,LC,LC,PC,LC,LC,LC,LC,LC,C,PC,LC,LC,LC,LC,C,C,PC,LC,PC,PC,C,LC,LC,C,C,LC,LC,LC,C,C,LC,LC,PC,LC,LC
Monaco,MER+FUR,2024-11-01,MONEYVAL,ME,ME,LE,ME,ME,ME,LE,LE,ME,ME,ME,LC,LC,LC,LC,LC,C,C,LC,LC,LC,LC,C,LC,C,PC,LC,LC,LC,LC,C,C,LC,LC,LC,LC,LC,LC,LC,LC,C,LC,LC,LC,LC,LC,LC,LC,LC,LC,LC
Mongolia,MER+FURs,2023-10-01,APG,LE,ME,LE,LE,LE,LE,LE,ME,LE,LE,LE,LC,LC,LC,LC,LC,LC,LC,C,LC,LC,C,LC,LC,C,LC,LC,LC,LC,LC,LC,C,LC,LC,LC,LC,LC,LC,LC,C,C,C,LC,LC,LC,LC,C,C,LC,LC,LC
Montenegro,MER,2024-01-01,MONEYVAL,SE,SE,ME,ME,ME,ME,ME,ME,ME,ME,ME,LC,LC,LC,LC,LC,PC,PC,NC,LC,PC,LC,LC,PC,LC,PC,PC,PC,PC,PC,LC,LC,PC,PC,PC,PC,PC,LC,PC,C,C,LC,PC,PC,LC,PC,LC,LC,LC,LC,LC
Morocco,MER+FURs,2022-05-01,MENAFATF,ME,ME,ME,ME,LE,ME,LE,ME,SE,ME,LE,LC,LC,LC,LC,LC,LC,LC,LC,C,LC,LC,LC,C,LC,NC,LC,C,LC,LC,LC,C,LC,LC,PC,PC,LC,LC,LC,LC,LC,PC,PC,LC,LC,C,LC,LC,PC,LC,LC
Mozambique,MER,2023-07-01,ESAAMLG,LE,LE,LE,LE,LE,LE,LE,LE,LE,LE,LE,LC,PC,PC,C,PC,PC,PC,NC,C,PC,LC,LC,LC,PC,PC,PC,C,LC,PC,C,C,PC,PC,NC,NC,PC,PC,PC,LC,PC,PC,PC,PC,PC,PC,PC,PC,PC,LC,LC
Myanmar,MER+FURs,2024-02-01,APG,LE,LE,LE,LE,LE,ME,LE,LE,LE,LE,LE,LC,LC,C,LC,LC,LC,NC,PC,C,LC,C,LC,LC,LC,PC,LC,C,LC,C,C,LC,LC,LC,PC,NC,LC,C,PC,PC,LC,LC,PC,LC,PC,PC,PC,PC,PC,PC,LC
Namibia,MER+FUR,2024-04-01,ESAAMLG,ME,ME,LE,ME,LE,ME,ME,ME,LE,LE,LE,LC,LC,LC,LC,C,LC,LC,LC,C,LC,LC,LC,LC,LC,LC,LC,LC,LC,LC,C,C,LC,PC,PC,LC,LC,C,LC,C,C,PC,LC,PC,LC,LC,C,LC,LC,LC,PC
Nauru,MER,2024-11-01,APG,ME,ME,LE,ME,ME,ME,LE,LE,ME,ME,LE,PC,LC,LC,LC,C,LC,C,LC,C,C,C,C,C,C,LC,C,C,C,C,C,C,C,C,LC,LC,LC,C,LC,PC,LC,LC,LC,LC,C,C,LC,LC,PC,LC,LC
Nepal,MER+FUR,2024-06-01,APG,ME,ME,LE,LE,LE,ME,ME,LE,LE,LE,LE,PC,LC,LC,LC,LC,PC,PC,NC,LC,LC,C,LC,LC,LC,PC,LC,LC,LC,LC,C,C,LC,LC,PC,PC,PC,C,PC,C,LC,LC,LC,LC,PC,LC,LC,LC,LC,PC,PC
Netherlands,MER,2022-08-01,FATF,SE,HE,ME,ME,ME,HE,SE,SE,SE,SE,ME,LC,C,LC,C,LC,LC,LC,LC,C,LC,C,LC,PC,C,PC,LC,LC,LC,LC,C,LC,LC,LC,LC,LC,LC,C,LC,C,C,LC,LC,LC,LC,LC,LC,C,LC,LC,LC
New Zealand,MER+FURs,2024-07-01,FATF/APG,SE,HE,ME,ME,ME,SE,SE,HE,SE,ME,ME,LC,C,C,C,LC,LC,PC,LC,C,LC,LC,PC,LC,LC,LC,LC,LC,PC,C,C,C,LC,LC,PC,LC,PC,LC,PC,C,C,LC,LC,LC,LC,LC,LC,LC,LC,LC,LC
Nicaragua,MER+FURs,2021-01-01,GAFILAT,ME,ME,LE,ME,LE,ME,ME,SE,ME,ME,LE,PC,LC,LC,LC,LC,LC,LC,LC,LC,C,C,C,C,LC,NC,LC,LC,LC,LC,LC,LC,LC,LC,PC,LC,LC,LC,C,C,C,LC,LC,LC,LC,LC,LC,LC,LC,LC,LC
Niger,MER,2021-11-01,GIABA,ME,LE,LE,LE,LE,LE,LE,LE,LE,LE,LE,LC,C,C,LC,C,LC,LC,NC,C,PC,LC,PC,LC,PC,NC,PC,LC,LC,NC,PC,C,PC,PC,PC,PC,PC,C,PC,LC,C,C,LC,LC,C,LC,C,LC,LC,LC,LC
Nigeria,MER+FURs,2023-11-01,GIABA,LE,LE,ME,LE,LE,ME,LE,LE,LE,LE,LE,LC,LC,C,C,LC,LC,LC,C,C,LC,C,PC,C,C,PC,LC,LC,LC,LC,C,LC,PC,PC,PC,PC,LC,LC,PC,C,C,C,PC,C,C,LC,LC,LC,LC,LC,LC
North Macedonia,MER,2023-07-01,MONEYVAL,SE,ME,ME,ME,ME,ME,ME,ME,ME,ME,ME,LC,LC,LC,PC,PC,PC,PC,LC,LC,LC,LC,LC,LC,LC,PC,PC,LC,PC,C,C,C,LC,LC,PC,PC,PC,LC,PC,LC,C,C,LC,C,LC,PC,LC,LC,LC,LC,LC
Norway,MER+FURs+FUAR,2023-02-01,FATF,SE,SE,ME,ME,ME,SE,ME,ME,SE,ME,SE,LC,LC,C,C,C,LC,C,LC,C,LC,C,C,PC,C,LC,C,LC,LC,LC,C,C,LC,LC,PC,C,C,C,C,LC,C,LC,C,PC,LC,C,C,LC,LC,LC,LC
Oman,MER,2024-12-01,FATF/MENAFATF,ME,SE,ME,ME,ME,SE,ME,ME,SE,ME,SE,LC,LC,LC,C,C,LC,LC,PC,C,C,C,C,C,C,LC,C,C,LC,C,LC,C,C,C,LC,LC,LC,C,C,C,C,LC,C,C,C,C,LC,LC,C,LC,LC
Pakistan,MER+FURs,2022-08-01,APG,LE,ME,LE,LE,LE,LE,LE,LE,LE,LE,LE,LC,LC,LC,LC,LC,LC,LC,LC,C,C,LC,LC,LC,C,PC,LC,LC,LC,C,C,C,LC,LC,LC,LC,LC,C,LC,C,LC,LC,LC,C,LC,LC,LC,LC,PC,LC,LC
Palau,MER+FUR,2023-06-01,APG,ME,SE,ME,ME,LE,ME,ME,ME,LE,ME,LE,PC,LC,LC,LC,LC,LC,NC,NC,C,PC,C,PC,PC,NC,NC,PC,PC,C,PC,LC,C,LC,LC,NC,PC,PC,C,PC,LC,LC,LC,LC,LC,PC,PC,LC,LC,LC,LC,LC
Panama,MER+FURs,2019-08-01,GAFILAT,LE,ME,ME,ME,LE,LE,ME,ME,ME,SE,SE,LC,LC,LC,C,LC,LC,LC,LC,C,LC,LC,C,C,C,C,LC,LC,C,LC,C,C,LC,LC,PC,PC,LC,LC,LC,C,C,LC,C,C,C,LC,C,LC,LC,LC,LC
Papua New Guinea,MER,2024-09-01,APG,ME,ME,ME,ME,LE,ME,LE,LE,LE,ME,LE,PC,LC,PC,LC,PC,LC,PC,PC,C,LC,C,PC,LC,PC,NC,PC,LC,LC,NC,PC,C,PC,PC,PC,PC,LC,LC,PC,C,PC,PC,PC,PC,LC,LC,PC,LC,LC,PC,PC
Paraguay,MER,2022-11-01,GAFILAT,ME,SE,ME,ME,ME,ME,LE,ME,ME,ME,ME,LC,C,PC,C,LC,LC,LC,LC,C,LC,C,C,C,C,LC,LC,,LC,C,LC,C,PC,LC,LC,C,LC,C,LC,C,C,LC,LC,C,C,C,LC,LC,LC,C,LC
Peru,MER+FUR,2020-01-01,GAFILAT,ME,SE,ME,ME,LE,SE,LE,ME,ME,SE,SE,LC,C,C,C,C,LC,LC,PC,LC,LC,LC,LC,C,C,C,LC,PC,C,PC,C,C,LC,LC,LC,PC,LC,C,LC,C,LC,LC,LC,C,LC,PC,C,LC,C,C,LC
Philippines,MER+FURs,2022-08-01,APG,SE,ME,ME,ME,LE,ME,LE,LE,LE,LE,LE,LC,C,LC,LC,LC,LC,LC,LC,LC,LC,C,LC,C,LC,PC,LC,C,LC,LC,LC,C,LC,LC,LC,PC,LC,LC,LC,C,C,LC,LC,LC,LC,LC,LC,LC,C,PC,LC
Poland,MER+FURs,2024-10-01,MONEYVAL,ME,SE,ME,SE,SE,ME,ME,LE,ME,ME,ME,LC,LC,LC,LC,PC,LC,PC,PC,C,LC,LC,LC,PC,LC,PC,LC,PC,PC,PC,PC,LC,PC,LC,LC,LC,PC,LC,PC,C,LC,LC,PC,C,LC,PC,LC,LC,LC,LC,LC
Portugal,MER,2017-12-01,FATF,SE,SE,ME,ME,ME,ME,SE,ME,SE,SE,SE,LC,LC,LC,C,LC,C,C,PC,LC,LC,C,LC,PC,C,LC,PC,LC,LC,LC,LC,C,PC,LC,PC,PC,LC,C,LC,LC,C,C,LC,LC,LC,LC,C,LC,C,C,LC
Qatar,MER,2023-05-01,FATF/MENAFATF,SE,ME,SE,ME,ME,ME,ME,SE,LE,SE,ME,LC,C,C,C,C,LC,LC,LC,C,C,C,C,C,C,LC,LC,C,C,C,C,C,C,C,LC,LC,C,C,C,C,C,C,C,C,C,C,C,C,C,C,C
Republic of Ireland,MER+FURs,2022-02-01,FATF,SE,SE,SE,ME,ME,SE,ME,ME,ME,ME,SE,LC,C,C,C,LC,PC,PC,PC,C,LC,LC,C,PC,LC,LC,C,LC,LC,LC,C,C,LC,LC,LC,LC,C,C,LC,C,C,C,PC,PC,C,LC,C,C,LC,C,LC
Republic of the Congo,MER,2022-09-01,GABAC,LE,LE,LE,LE,LE,LE,LE,LE,LE,LE,LE,PC,LC,PC,PC,LC,NC,NC,NC,LC,PC,LC,PC,LC,PC,NC,PC,LC,LC,PC,PC,C,PC,PC,PC,PC,PC,LC,NC,LC,PC,C,LC,NC,PC,PC,PC,PC,PC,LC,LC
Republic of the Marshall Islands,MER,2024-11-01,APG,ME,ME,ME,ME,LE,ME,LE,LE,ME,ME,ME,LC,LC,LC,LC,LC,C,C,PC,C,C,C,C,C,LC,PC,C,C,C,LC,LC,C,C,LC,PC,C,LC,LC,LC,LC,LC,LC,PC,NC,LC,C,LC,LC,LC,LC,LC
Romania,MER,2023-07-01,MONEYVAL,ME,SE,ME,ME,ME,ME,ME,ME,ME,ME,ME,LC,PC,C,C,C,PC,PC,PC,PC,LC,LC,PC,PC,PC,PC,LC,LC,LC,LC,LC,LC,PC,LC,PC,LC,LC,LC,PC,LC,C,C,PC,PC,LC,PC,C,LC,C,LC,LC
Russia,MER+FUR,2024-02-01,EAG,SE,SE,ME,ME,SE,HE,ME,SE,HE,ME,ME,LC,C,LC,LC,LC,LC,LC,LC,C,LC,LC,PC,LC,LC,PC,PC,LC,LC,LC,C,LC,LC,LC,LC,LC,LC,LC,LC,C,LC,C,LC,C,LC,LC,LC,LC,LC,LC,LC
Rwanda,MER,2024-07-01,ESAAMLG,LE,LE,LE,LE,LE,ME,LE,LE,LE,LE,LE,LC,PC,LC,LC,PC,PC,PC,NC,C,LC,LC,PC,LC,PC,PC,LC,LC,LC,LC,C,C,PC,LC,PC,PC,PC,LC,PC,LC,C,PC,C,PC,PC,PC,PC,PC,LC,PC,PC
Saint Kitts and Nevis,MER,2022-02-01,CFATF,LE,ME,LE,LE,ME,LE,LE,LE,ME,LE,LE,LC,PC,LC,PC,LC,PC,PC,PC,C,PC,LC,C,C,LC,PC,LC,LC,LC,LC,C,C,LC,LC,PC,PC,PC,C,PC,LC,C,C,LC,C,C,PC,PC,LC,C,PC,LC
Saint Lucia,MER+FUR,2024-02-01,CFATF,LE,ME,LE,LE,LE,LE,ME,ME,LE,LE,LE,C,C,LC,LC,C,NC,NC,NC,LC,LC,LC,C,LC,LC,PC,C,C,C,C,C,C,LC,C,PC,PC,NC,C,PC,C,LC,LC,LC,PC,C,LC,LC,LC,PC,LC,LC
Saint Vincent and the Grenadines,MER,2024-01-01,CFATF,SE,SE,ME,ME,ME,SE,ME,ME,LE,LE,LE,LC,LC,C,C,PC,PC,NC,LC,C,LC,C,LC,LC,LC,PC,PC,C,C,C,C,C,LC,C,PC,PC,LC,LC,LC,C,C,LC,LC,C,LC,LC,LC,PC,PC,PC,LC
Samoa,MER+FURs,2023-06-01,APG,ME,SE,LE,ME,ME,LE,LE,ME,ME,ME,LE,PC,LC,LC,LC,LC,PC,NC,PC,C,LC,C,PC,PC,C,PC,PC,PC,C,PC,LC,C,PC,PC,PC,PC,PC,PC,PC,LC,C,LC,LC,LC,PC,PC,LC,LC,LC,LC,LC
San Marino,MER+FUR,2024-05-01,MONEYVAL,SE,HE,ME,ME,ME,SE,ME,SE,SE,ME,ME,LC,C,LC,C,LC,LC,LC,LC,LC,LC,C,C,C,LC,PC,C,LC,LC,C,C,C,LC,LC,PC,LC,PC,LC,PC,C,C,C,C,C,C,LC,LC,C,C,C,LC
Saudi Arabia,MER+FUR,2020-01-01,FATF/MENAFATF,SE,ME,SE,ME,ME,ME,LE,LE,SE,SE,LE,LC,LC,C,LC,C,LC,LC,LC,C,C,C,C,C,C,LC,LC,C,LC,C,C,LC,LC,C,LC,LC,C,C,C,LC,LC,LC,LC,PC,C,C,PC,LC,LC,LC,LC
Senegal,MER+FUR,2022-08-01,GIABA,LE,LE,LE,LE,LE,ME,LE,LE,LE,LE,LE,LC,C,LC,C,C,PC,PC,PC,C,PC,LC,PC,LC,LC,PC,PC,LC,LC,NC,C,C,PC,PC,LC,PC,PC,C,PC,LC,LC,C,LC,PC,PC,LC,LC,C,LC,LC,LC
Serbia,MER+FURs,2024-03-01,MONEYVAL,ME,ME,ME,ME,ME,ME,LE,ME,ME,LE,LE,LC,LC,LC,LC,LC,LC,LC,LC,LC,LC,LC,C,LC,LC,LC,LC,C,C,LC,C,C,LC,LC,LC,LC,LC,LC,LC,LC,LC,LC,LC,LC,LC,LC,LC,LC,LC,LC,LC
Seychelles,MER+FUR,2024-04-01,ESAAMLG,LE,LE,LE,ME,LE,LE,LE,LE,LE,LE,LE,C,LC,LC,C,LC,PC,PC,PC,C,LC,C,LC,C,C,NC,LC,LC,C,C,C,C,LC,LC,LC,LC,LC,LC,LC,LC,C,C,LC,PC,LC,LC,C,LC,LC,LC,LC
Sierra Leone,MER,2021-01-01,GIABA,ME,LE,LE,LE,LE,LE,LE,LE,LE,LE,LE,LC,LC,LC,LC,LC,PC,NC,NC,C,PC,C,LC,LC,PC,PC,PC,PC,PC,PC,C,C,PC,PC,PC,PC,LC,LC,PC,LC,LC,LC,PC,LC,PC,LC,LC,PC,PC,PC,LC
Singapore,MER+FUR,2019-11-01,FATF/APG,SE,SE,ME,ME,ME,SE,ME,ME,LE,ME,SE,LC,C,C,C,LC,LC,LC,LC,C,C,C,C,C,LC,C,C,C,C,LC,LC,C,PC,LC,LC,C,LC,C,PC,C,C,C,C,LC,LC,PC,C,LC,LC,LC,LC
Slovakia,MER+FURs,2024-12-01,MONEYVAL,ME,SE,ME,ME,ME,ME,ME,LE,ME,ME,ME,LC,C,LC,LC,LC,LC,LC,PC,LC,PC,LC,PC,PC,LC,PC,LC,LC,PC,PC,C,LC,LC,PC,LC,LC,LC,LC,PC,PC,C,LC,PC,C,LC,PC,LC,C,LC,LC,LC
Slovenia,MER+FURs,2023-12-01,MONEYVAL,ME,SE,ME,ME,ME,ME,ME,ME,ME,ME,ME,LC,LC,LC,LC,LC,LC,LC,LC,LC,LC,C,C,LC,C,LC,C,LC,LC,LC,C,C,LC,LC,LC,LC,LC,C,LC,C,C,LC,LC,LC,C,C,LC,LC,LC,LC,LC
Solomon Islands,MER,2019-10-01,APG,ME,ME,LE,LE,LE,ME,LE,LE,LE,LE,LE,PC,PC,LC,LC,LC,NC,NC,NC,C,NC,PC,PC,NC,PC,NC,NC,PC,NC,NC,C,C,NC,PC,PC,NC,PC,LC,PC,LC,C,LC,LC,PC,PC,PC,PC,PC,PC,LC,PC
South Africa,MER+FURs,2024-11-01,FATF,ME,ME,ME,ME,LE,ME,ME,ME,LE,LE,ME,LC,LC,LC,LC,C,LC,LC,PC,LC,LC,LC,LC,LC,LC,LC,LC,,LC,LC,LC,C,LC,C,LC,LC,LC,LC,LC,LC,C,C,PC,LC,LC,LC,LC,LC,LC,LC,LC
South Korea,MER+FUR,2024-10-01,FATF,SE,SE,ME,ME,ME,SE,ME,SE,SE,ME,ME,LC,LC,LC,C,LC,PC,PC,LC,LC,LC,C,PC,C,C,C,LC,C,LC,LC,C,C,PC,PC,PC,LC,LC,C,PC,C,C,LC,LC,C,LC,LC,LC,LC,C,LC,LC
Spain,MER+FUR+FUAR,2019-12-01,FATF,SE,SE,SE,SE,SE,HE,SE,SE,SE,ME,SE,C,LC,LC,C,C,PC,PC,LC,C,LC,C,C,C,C,C,C,LC,C,C,C,C,LC,C,LC,LC,LC,C,LC,C,C,C,C,C,C,C,C,C,C,C,C
Sri Lanka,MER+FURs,2021-11-01,APG,ME,LE,LE,LE,LE,LE,LE,LE,SE,LE,LE,LC,LC,LC,PC,C,LC,LC,PC,LC,LC,LC,LC,LC,LC,PC,LC,LC,LC,LC,C,C,LC,C,NC,LC,PC,C,PC,LC,C,LC,LC,LC,LC,PC,LC,C,LC,LC,PC
Suriname,MER+FUR,2023-11-01,CFATF,LE,LE,LE,LE,LE,LE,LE,LE,LE,LE,LE,PC,PC,PC,LC,PC,NC,NC,NC,LC,PC,LC,LC,C,LC,NC,LC,LC,LC,PC,LC,C,LC,PC,NC,NC,PC,PC,PC,PC,PC,PC,PC,LC,C,PC,PC,PC,NC,PC,PC
Sweden,MER+FURs,2020-09-01,FATF,ME,HE,ME,ME,ME,ME,SE,SE,SE,ME,SE,LC,C,LC,LC,LC,PC,PC,LC,C,LC,C,C,LC,C,LC,C,LC,LC,C,C,C,LC,LC,LC,LC,LC,LC,LC,C,C,LC,PC,LC,LC,LC,C,LC,LC,C,C
Switzerland,MER+FURs,2023-10-01,FATF,SE,ME,ME,ME,ME,SE,SE,SE,SE,SE,SE,LC,LC,LC,LC,LC,LC,C,LC,C,LC,C,LC,LC,C,LC,LC,LC,LC,C,LC,LC,PC,PC,LC,LC,LC,LC,LC,C,C,LC,LC,C,LC,PC,LC,LC,LC,LC,LC
Tajikistan,MER+FURs,2024-11-01,EAG,SE,SE,ME,ME,ME,ME,LE,ME,SE,ME,LE,LC,C,LC,LC,LC,LC,LC,LC,C,LC,LC,LC,LC,LC,PC,LC,PC,LC,LC,C,C,LC,LC,LC,LC,PC,LC,PC,C,LC,C,LC,LC,LC,LC,C,LC,LC,LC,LC
Tanzania,MER+FURs,2023-09-01,ESAAMLG,LE,ME,LE,LE,LE,LE,LE,ME,LE,LE,LE,PC,PC,C,LC,LC,PC,NC,NC,LC,LC,LC,PC,C,LC,PC,PC,PC,C,C,LC,C,PC,PC,PC,NC,PC,LC,NC,LC,C,PC,PC,PC,PC,PC,LC,LC,LC,C,LC
Thailand,MER+FURs,2023-10-01,APG,SE,SE,ME,LE,LE,SE,ME,SE,ME,ME,LE,LC,C,LC,LC,LC,LC,LC,PC,LC,LC,LC,LC,LC,LC,LC,LC,C,LC,LC,LC,LC,NC,PC,PC,PC,LC,LC,PC,LC,C,LC,LC,LC,LC,PC,LC,LC,C,LC,LC
The Bahamas,MER+FURs,2022-12-01,CFATF,LE,ME,ME,ME,ME,ME,LE,LE,LE,LE,LE,LC,LC,C,C,LC,LC,LC,C,C,C,LC,C,C,C,C,LC,C,LC,C,C,C,C,LC,LC,LC,C,C,C,C,C,LC,LC,LC,LC,LC,LC,LC,LC,LC,LC
The Gambia,MER,2022-10-01,GIABA,LE,LE,LE,LE,LE,LE,LE,ME,LE,LE,LE,PC,LC,PC,LC,PC,NC,NC,PC,C,PC,C,PC,PC,PC,NC,NC,PC,LC,PC,C,C,PC,LC,PC,PC,LC,LC,PC,LC,LC,LC,LC,LC,PC,PC,LC,LC,PC,LC,LC
Timor Leste,MER,2024-11-01,APG,ME,ME,LE,ME,LE,ME,ME,LE,LE,LE,LE,PC,LC,LC,LC,LC,NC,NC,NC,LC,PC,LC,LC,LC,LC,NC,LC,,LC,PC,LC,LC,PC,PC,PC,PC,PC,LC,NC,LC,C,LC,PC,PC,PC,PC,LC,LC,LC,LC,LC
Togo,MER,2022-10-01,GIABA,LE,LE,LE,LE,LE,LE,LE,LE,LE,LE,LE,PC,PC,C,LC,PC,PC,PC,PC,C,PC,LC,PC,LC,PC,NC,PC,LC,LC,NC,PC,C,PC,PC,PC,PC,PC,C,PC,PC,C,C,PC,PC,PC,PC,LC,LC,LC,LC,LC
Tonga,MER,2021-09-01,APG,LE,ME,LE,LE,LE,LE,LE,LE,LE,LE,LE,PC,LC,PC,LC,PC,PC,NC,PC,C,NC,PC,NC,NC,LC,NC,NC,NC,NC,NC,NC,LC,NC,NC,PC,NC,PC,PC,PC,PC,LC,PC,PC,LC,PC,PC,PC,PC,PC,LC,PC
Trinidad and Tobago,MER+FUR,2019-06-01,CFATF,ME,ME,ME,ME,ME,ME,LE,LE,LE,LE,LE,LC,LC,LC,LC,C,C,LC,PC,C,C,C,C,C,C,C,C,C,C,C,C,C,C,C,C,PC,C,LC,PC,C,C,LC,C,C,C,PC,LC,C,PC,C,LC
Tunisia,MER+FURs,2020-01-01,MENAFATF,ME,ME,LE,LE,LE,ME,ME,ME,LE,LE,LE,LC,PC,C,LC,LC,C,LC,C,C,LC,C,LC,LC,LC,LC,LC,LC,LC,LC,C,C,LC,PC,LC,LC,LC,LC,LC,LC,C,LC,LC,PC,LC,LC,LC,C,PC,C,LC
Turkey,MER+FURs,2023-07-01,FATF,SE,SE,ME,ME,ME,ME,ME,ME,ME,LE,LE,LC,LC,LC,C,LC,LC,LC,LC,C,LC,C,C,LC,LC,PC,LC,C,LC,LC,C,C,LC,C,LC,LC,C,LC,LC,C,C,LC,LC,LC,LC,LC,LC,C,C,C,LC
Turkmenistan,MER,2023-07-01,EAG,SE,SE,ME,ME,LE,ME,ME,SE,SE,ME,ME,LC,LC,LC,PC,LC,LC,LC,PC,C,LC,C,PC,C,LC,PC,PC,C,LC,LC,C,C,LC,PC,PC,PC,PC,LC,PC,C,LC,LC,LC,PC,LC,LC,LC,LC,PC,LC,PC
Turks and Caicos Islands,MER+FURs,2023-11-01,CFATF,ME,ME,LE,LE,ME,ME,LE,LE,LE,ME,ME,PC,LC,C,C,C,LC,LC,LC,C,C,C,C,LC,C,NC,LC,C,C,C,C,C,LC,C,LC,C,LC,C,C,C,C,LC,C,LC,LC,LC,PC,LC,LC,C,C
Uganda,MER+FURs,2023-09-01,ESAAMLG,LE,LE,LE,LE,LE,LE,LE,LE,LE,LE,LE,LC,LC,C,LC,C,C,PC,PC,C,LC,C,C,C,LC,PC,C,C,C,PC,C,C,LC,LC,PC,NC,NC,C,NC,C,PC,LC,C,NC,PC,LC,C,PC,PC,NC,PC
Ukraine,MER+FURs,2020-09-01,MONEYVAL,SE,ME,ME,ME,ME,SE,LE,ME,ME,ME,ME,LC,C,LC,LC,LC,PC,PC,LC,C,LC,C,LC,C,LC,PC,C,,LC,C,C,LC,LC,LC,LC,PC,LC,LC,PC,C,C,C,LC,PC,C,LC,LC,LC,LC,LC,LC
United Arab Emirates,MER+FUR,2023-07-01,MENAFATF,ME,LE,ME,ME,LE,ME,LE,ME,SE,ME,LE,LC,LC,LC,LC,LC,C,C,LC,C,LC,LC,LC,C,LC,PC,C,LC,LC,C,C,LC,LC,LC,LC,LC,C,C,LC,C,C,C,C,LC,LC,LC,C,LC,LC,C,LC
United Kingdom,MER+FUR,2022-06-01,FATF,HE,SE,ME,ME,SE,ME,SE,SE,HE,HE,HE,LC,C,C,C,C,LC,LC,C,C,LC,C,C,C,C,LC,C,LC,LC,LC,C,C,LC,LC,LC,C,C,C,C,PC,C,C,LC,LC,C,C,C,LC,C,C,LC
United States,MER+FURs,2024-03-01,FATF,SE,SE,ME,ME,LE,SE,SE,HE,HE,HE,HE,PC,C,LC,LC,C,LC,LC,LC,C,LC,LC,PC,LC,LC,LC,PC,LC,LC,LC,PC,C,NC,NC,LC,PC,LC,C,NC,C,C,LC,C,LC,LC,LC,LC,LC,LC,LC,C
Uruguay,MER,2020-01-01,GAFILAT,ME,ME,ME,ME,ME,ME,ME,ME,ME,ME,ME,LC,C,LC,LC,LC,LC,LC,C,C,LC,C,C,LC,LC,LC,LC,,C,C,LC,C,LC,LC,LC,LC,C,C,LC,LC,C,C,C,C,C,LC,C,LC,LC,LC,LC
Uzbekistan,MER+FUR,2023-07-01,EAG,SE,SE,ME,ME,ME,SE,ME,ME,SE,SE,SE,LC,C,LC,LC,LC,LC,LC,PC,LC,LC,LC,PC,LC,LC,LC,LC,LC,PC,LC,C,LC,LC,LC,LC,PC,PC,LC,LC,C,C,C,C,LC,LC,PC,LC,C,LC,C,LC
Vanuatu,MER+FURs,2018-09-01,APG,LE,LE,LE,LE,LE,LE,LE,LE,LE,LE,LE,C,C,C,C,C,C,C,LC,LC,LC,LC,LC,LC,C,LC,C,C,LC,PC,LC,LC,LC,LC,LC,LC,LC,C,LC,LC,C,C,LC,LC,C,C,C,C,LC,C,LC
Venezuela,MER,2023-03-01,CFATF,ME,LE,LE,LE,LE,LE,LE,LE,LE,LE,LE,PC,PC,LC,PC,PC,NC,NC,NC,LC,PC,LC,PC,LC,PC,PC,PC,PC,PC,PC,PC,LC,PC,PC,NC,NC,PC,PC,PC,PC,LC,LC,PC,PC,PC,PC,LC,PC,PC,LC,PC
Vietnam,MER+FUR,2023-06-01,APG,ME,ME,LE,LE,LE,LE,LE,SE,SE,LE,LE,PC,LC,PC,LC,LC,PC,NC,LC,LC,PC,PC,NC,LC,PC,NC,PC,PC,PC,PC,PC,PC,PC,PC,PC,PC,PC,PC,PC,PC,C,LC,LC,C,PC,NC,LC,LC,PC,LC,LC
Zambia,MER+FUR,2023-09-01,ESAAMLG,ME,ME,ME,ME,LE,ME,ME,ME,ME,ME,LE,LC,LC,C,C,PC,PC,PC,PC,C,LC,LC,LC,C,LC,PC,C,LC,LC,LC,C,C,LC,LC,PC,PC,PC,C,PC,C,LC,LC,C,C,C,PC,LC,LC,LC,LC,LC
Zimbabwe,MER+FURs,2024-04-01,ESAAMLG,LE,LE,LE,LE,LE,LE,LE,LE,ME,ME,LE,LC,PC,C,C,LC,C,LC,PC,C,C,C,C,LC,C,PC,C,LC,C,C,C,C,C,C,LC,LC,LC,LC,LC,LC,C,LC,LC,C,LC,LC,C,C,LC,C,LC
